,Disease,Symptom
0,Alzheimer's disease,"['drool', 'agitation', 'nightmare', 'rhonchus', 'consciousness clear', 'pin-point pupils', 'bedridden', 'frail', 'tremor resting', 'hyperkalemia', 'facial paresis', 'groggy', 'muscle twitch', 'wheelchair bound', 'tremor', 'cough', 'fever']"
1,Pneumocystis carinii pneumonia,"['yellow sputum', 'cachexia', 'chill', 'decreased body weight', 'productive cough', 'myalgia', 'diarrhea', 'neck stiffness', 'hacking cough', 'dyspareunia', 'hypokalemia', 'dyspnea on exertion', 'poor dentition', 'transaminitis', 'non-productive cough', 'headache', 'floppy', 'spontaneous rupture of membranes']"
2,accident cerebrovascular,"['dysarthria', 'asthenia', 'speech slurred', 'facial paresis', 'hemiplegia', 'unresponsiveness', 'seizure', 'numbness']"
3,adenocarcinoma,"['mass of body structure', 'lesion', 'decreased body weight', 'constipation', 'fremitus', 'decreased stool caliber', 'satiety early', 'hematochezia', 'egophony', 'pain', 'scar tissue', 'pain abdominal']"
4,adhesion,"['flatulence', 'pain', 'large-for-dates fetus', 'para 1', 'vomiting', 'lung nodule', 'breech presentation', 'shortness of breath', 'decreased body weight', 'immobile', 'unsteady gait', 'hallucinations visual', 'feeling suicidal']"
5,affect labile,"['extreme exhaustion', 'sleeplessness', 'enuresis', 'patient non compliance', 'feeling hopeless', 'hallucinations visual', 'bedridden', 'prostatism']"
6,anemia,"['chill', 'guaiac positive', 'monoclonal', 'ecchymosis', 'tumor cell invasion', 'haemorrhage', 'pallor', 'asthenia', 'fatigue', 'heme positive', 'pain back', 'orthostasis', 'hyponatremia', 'dizziness', 'shortness of breath', 'pain', 'rhonchus', 'arthralgia', 'swelling', 'transaminitis']"
7,anxiety state,"['worry', 'feeling suicidal', 'suicidal', 'sleeplessness', 'feeling hopeless', 'irritable mood', 'tremor', 'blackout', 'weepiness', 'has religious belief', 'nervousness', 'hallucinations visual', 'formication', 'difficulty', 'pain chest', 'patient non compliance', 'agitation', 'palpitation', 'hallucinations auditory', 'mood depressed', 'hot flush', 'pain', 'consciousness clear', 'nightmare']"
8,aphasia,"['clonus', 'egophony', 'facial paresis', 'aphagia', 'muscle twitch', 'paralyse', 'low back pain', 'charleyhorse']"
9,arthritis,"['pain', 'hemodynamically stable', 'sleeplessness', 'asthenia', 'syncope', 'swelling', 'atypia', 'general unsteadiness', 'shortness of breath', 'distended abdomen']"
10,asthma,"['wheezing', 'cough', 'shortness of breath', 'chest tightness', 'non-productive cough', 'pleuritic pain', 'productive cough', 'symptom aggravating factors', 'distress respiratory']"
11,bacteremia,"['fever', 'chill', 'flushing', 'unresponsiveness', 'indifferent mood', 'urinoma', 'vomiting', 'distended abdomen', 'hypoalbuminemia', 'pustule', 'prostatism', 'diarrhea', 'abdominal tenderness', 'pleuritic pain', 'decreased translucency', 'pallor']"
12,benign prostatic hypertrophy,"['mental status changes', 'cachexia', 'blackout', 'orthostasis', 'orthopnea', 'night sweat', 'distress respiratory', 'anorexia', 'dysarthria']"
13,biliary calculus,"['vomiting', 'nausea', 'pain abdominal', 'pain', 'cushingoid\xa0habitus', 'ascites', 'thicken', 'sore to touch', 'diarrhea', 'apyrexial', 'palpitation']"
14,bipolar disorder,"['feeling suicidal', 'energy increased', 'suicidal', 'irritable mood', 'agitation', 'has religious belief', 'disturbed family', 'hallucinations auditory', 'verbal auditory hallucinations', 'weepiness', 'behavior hyperactive', 'catatonia', 'feeling hopeless', 'worry', 'sleeplessness', 'hypersomnia', 'difficulty', 'hallucinations visual', 'hyperhidrosis disorder', 'mydriasis', 'extrapyramidal sign', 'loose associations', 'intoxication', 'motor retardation', 'homelessness', 'blackout', 'tremor', 'exhaustion']"
15,bronchitis,"['cough', 'wheezing', 'shortness of breath', 'chest tightness', 'fever', 'throat sore', 'productive cough', 'hepatosplenomegaly', 'night sweat', 'haemoptysis', 'labored breathing', 'snuffle', 'hacking cough', 'dyspnea', 'chill', 'stridor', 'decreased body weight']"
16,carcinoma,"['mass of body structure', 'pain', 'lesion', 'tumor cell invasion', 'thicken', 'decreased body weight', 'hoarseness', 'general discomfort', 'metastatic lesion', 'non-productive cough', 'constipation', 'unhappy', 'paresthesia', 'gravida 0', 'diarrhea', 'sore to touch', 'heartburn', 'nausea', 'lung nodule']"
17,carcinoma breast,"['mass in breast', 'mass of body structure', 'paresthesia', 'retropulsion', 'erythema', 'difficulty', 'lesion', 'estrogen use', 'burning sensation', 'dyspnea', 'swelling', 'formication']"
18,carcinoma colon,"['lesion', 'prostatism', 'constipation', 'general discomfort', 'diarrhea', 'pain abdominal', 'urinary hesitation', 'dizzy spells', 'shooting pain', 'bradycardia', 'vomiting', 'systolic ejection murmur', 'nausea', 'hyperemesis', 'polydypsia']"
19,carcinoma of lung,"['lesion', 'cough', 'lung nodule', 'shortness of breath', 'haemoptysis', 'debilitation', 'gurgle', 'ache', 'rale', 'night sweat', 'decreased translucency', 'asthenia', 'metastatic lesion', 'agitation', 'irritable mood']"
20,carcinoma prostate,"['hematuria', 'dysesthesia', 'asthenia', 'polymyalgia', 'passed stones', 'pleuritic pain', 'guaiac positive', 'rale', 'breath sounds decreased', 'urge incontinence', 'dysuria', 'diarrhea', 'vertigo', 'qt interval prolonged', 'ataxia', 'paresis', 'hemianopsia homonymous', 'tumor cell invasion', 'hemodynamically stable', 'mass of body structure', 'rhonchus', 'orthostasis', 'decreased body weight']"
21,cardiomyopathy,"['shortness of breath', 'orthopnea', 'hypokinesia', 'jugular venous distention', 'palpitation', 'pain chest', 'syncope', 'yellow sputum', 'rale', 'dyspnea', 'dyspnea on exertion', 'left\xa0atrial\xa0hypertrophy', 'fatigue', 'weight gain', 'patient non compliance']"
22,cellulitis,"['erythema', 'pain', 'swelling', 'redness', 'fever', 'abscess bacterial', 'patient non compliance', 'hypesthesia', 'hyperacusis', 'pruritus', 'pain chest', 'scratch marks', 'chill', 'sore to touch']"
23,cholecystitis,"['moan', 'nausea', 'pain abdominal', ""Murphy's sign"", 'flatulence', 'colic abdominal', 'pain', 'ascites', 'diarrhea', 'qt interval prolonged', 'cardiovascular event', 'groggy', 'sinus rhythm', 'gasping for breath', 'constipation', 'feces in rectum', 'abnormally hard consistency']"
24,chronic alcoholic intoxication,"['tremor', 'hallucinations auditory', 'suicidal', 'hoard', 'irritable mood', 'feeling hopeless', 'feeling suicidal', 'neologism', 'seizure', 'homelessness', 'sleeplessness', 'unconscious state', 'panic', 'breath sounds decreased', 'shortness of breath']"
25,chronic kidney failure,"['vomiting', 'orthopnea', 'hyperkalemia', 'oliguria', 'jugular venous distention', 'nausea', 'shortness of breath', 'mental status changes', 'diarrhea', 'asthenia', 'chest tightness', 'malaise', 'chill', 'rale', 'fever', 'pleuritic pain', 'apyrexial', 'guaiac positive', 'swelling', 'catatonia', 'unresponsiveness', 'yellow sputum']"
26,chronic obstructive airway disease,"['shortness of breath', 'wheezing', 'cough', 'dyspnea', 'distress respiratory', 'sputum purulent', 'hypoxemia', 'hypercapnia', 'patient non compliance', 'chest tightness']"
27,cirrhosis,"['ascites', 'fall', 'splenomegaly', 'pruritus', 'pain abdominal', 'tumor cell invasion', 'distended abdomen', 'lesion', 'hemodynamically stable', 'guaiac positive', 'sore to touch', 'bleeding of vagina']"
28,colitis,"['fever', 'thicken', 'green sputum', 'vomiting', 'nausea and vomiting', 'awakening early', 'pain', 'nausea', 'chill', 'tenesmus', 'urge incontinence', 'pain abdominal', 'hemodynamically stable']"
29,confusion,"['seizure', 'enuresis', 'lethargy', 'speech slurred', 'fall', 'consciousness clear', 'mental status changes', 'asterixis', 'unconscious state', 'agitation', 'muscle twitch', 'asthenia', 'sleepy', 'dizziness', 'headache', 'dysarthria', 'lightheadedness', 'tremor', 'hyponatremia', 'unresponsiveness']"
30,coronary heart disease,"['pain chest', 'angina pectoris', 'shortness of breath', 'hypokinesia', 'sweating increased', 'pressure chest', 'dyspnea on exertion', 'orthopnea', 'chest tightness']"
31,decubitus ulcer,"['systolic murmur', 'frail', 'fever']"
32,deep vein thrombosis,"['swelling', 'pain', 'ecchymosis', 'shortness of breath', 'pain in lower limb', 'cardiomegaly', 'rale', 'erythema', 'hypotension', 'clonus', 'non-productive cough', 'redness']"
33,degenerative polyarthritis,"['pain', 'food intolerance', 'numbness of hand', 'general discomfort', 'drowsiness', 'asthenia', 'nonsmoker', 'non-productive cough', 'polydypsia', 'stiffness', 'unsteady gait']"
34,deglutition disorder,"['paresthesia', 'titubation', 'dysarthria', 'painful swallowing', 'hoarseness', 'stridor', 'spasm', 'asthenia', 'dysdiadochokinesia', 'ataxia', 'achalasia', 'decreased body weight', 'stiffness', 'lesion', 'side pain']"
35,dehydration,"['fever', 'diarrhea', 'vomiting', 'hypotension', 'nausea', 'lightheadedness', 'unwell', 'mental status changes', 'anorexia', 'asthenia', 'sensory discomfort', 'syncope', 'lethargy', 'dizziness', 'history of - blackout']"
36,delirium,"['unsteady gait', 'withdraw', 'hyponatremia', 'verbally abusive behavior', 'feeling suicidal', 'unresponsiveness', 'worry', 'sleepy', 'hallucinations auditory', 'suicidal', 'fever', 'diarrhea']"
37,delusion,"['loose associations', 'giddy mood', 'feeling hopeless', 'agitation', 'hallucinations auditory', 'irritable mood', 'sleeplessness', 'neologism', 'homicidal thoughts', 'disturbed family', 'worry', 'decompensation', 'verbally abusive behavior', 'catatonia', 'suicidal', 'terrify', 'blackout', 'weepiness', 'impaired cognition', 'irritable mood', 'agitation']"
38,dementia,"['fever', 'fall', 'unresponsiveness', 'lethargy', 'agitation', 'ecchymosis', 'syncope', 'rale', 'unconscious state', 'cough', 'bedridden', 'pain', 'facial paresis', 'abdominal tenderness', 'rhonchus', 'unsteady gait', 'hallucinations auditory']"
39,dependence,"['intoxication', 'tremor', 'agitation', 'suicidal', 'homelessness', 'prostatism', 'lethargy', 'seizure', 'muscle twitch', 'stuffy nose', 'feeling hopeless', 'heavy legs', 'rale']"
40,depressive disorder,"['feeling suicidal', 'suicidal', 'hallucinations auditory', 'feeling hopeless', 'weepiness', 'sleeplessness', 'motor retardation', 'irritable mood', 'blackout', 'mood depressed', 'hallucinations visual', 'worry', 'agitation', 'tremor', 'intoxication', 'verbal auditory hallucinations', 'energy increased', 'difficulty', 'nightmare', 'unable to concentrate', 'homelessness']"
41,diabetes,"['polyuria', 'polydypsia', 'shortness of breath', 'pain chest', 'asthenia', 'nausea', 'orthopnea', 'rale', 'sweating increased', 'unresponsiveness', 'mental status changes', 'vertigo', 'vomiting', 'labored breathing']"
42,diverticulitis,"['pain abdominal', 'abscess bacterial', 'dullness', 'red blotches', 'diarrhea', 'sore to touch', 'dysuria', 'pain', 'vomiting', 'sinus rhythm', 'colic abdominal', 'apyrexial', 'abdominal tenderness', 'fever', 'unsteady gait', 'thicken', 'urgency of\xa0micturition', 'anorexia', 'monoclonal', 'constipation']"
43,diverticulosis,"['fecaluria', 'constipation', 'abscess bacterial', 'heme positive', 'lightheadedness', 'diarrhea', 'haemorrhage', 'pain', 'projectile vomiting', 'pneumatouria', 'cystic lesion', 'anorexia', 'nausea', 'feeling suicidal', 'feeling hopeless']"
44,edema pulmonary,"['urgency of\xa0micturition', 'shortness of breath', 'rale', 'tachypnea', 'orthopnea', ""Heberden's node"", 'jugular venous distention', 'dyspnea', 'sweating increased', 'patient non compliance', 'chest discomfort', 'hyperkalemia', 'sinus rhythm', 'pain chest', 'hypotension', 'wheezing']"
45,embolism pulmonary,"['shortness of breath', 'hypoxemia', 'tachypnea', 'hematocrit decreased', 'pain chest', 'dyspnea', 'pleuritic pain', 'neck stiffness', 'yellow sputum', 'productive cough', 'cicatrisation', 'unresponsiveness', 'distress respiratory', 'wheezing', 'apyrexial', 'non-productive cough']"
46,emphysema pulmonary,"['behavior showing increased motor activity', 'scar tissue', 'dyspnea on exertion', 'coordination abnormal', 'myalgia', 'hypercapnia', 'clammy skin', 'has religious belief', 'room spinning', 'moan', 'night sweat', 'cachexia', 'symptom aggravating factors', 'dyspnea', 'rale', 'flushing', 'painful swallowing', 'arthralgia', 'choke', 'tenesmus', 'constipation']"
47,encephalopathy,"['uncoordination', 'asterixis', 'haemorrhage', 'sleepy', 'absences finding', 'posturing', 'aura', 'tonic seizures', 'debilitation', 'consciousness clear', 'unresponsiveness', 'thicken', 'hypokinesia']"
48,endocarditis,"['pleuritic pain', 'thicken', 'myalgia', 'apyrexial', 'night sweat', 'flare', 'shortness of breath', 'orthopnea', 'abscess bacterial', 'hypotension', 'cough', 'metastatic lesion', 'breath sounds decreased', 'decreased body weight', 'pulsus\xa0paradoxus', 'hypokinesia']"
49,epilepsy,"['seizure', 'hypometabolism', 'aura', 'muscle twitch', 'drowsiness', 'tremor', 'unresponsiveness', 'hemiplegia', 'myoclonus', 'gurgle', 'sleepy', 'lethargy', 'wheelchair bound']"
50,exanthema,"['fever', 'pruritus', 'macule', 'lesion', 'redness', 'headache', 'apyrexial', 'arthralgia', 'swelling', 'erythema', 'photophobia', 'chill', 'scratch marks', 'pain', 'painful swallowing']"
51,failure heart,"['orthopnea', 'fatigue', 'dyspnea on exertion', 'dyspnea', 'shortness of breath', 'pansystolic murmur', 'jugular venous distention', 'systolic ejection murmur', 'hypotension', 'angina pectoris', 'hypokinesia']"
52,failure heart congestive,"['shortness of breath', 'orthopnea', 'jugular venous distention', 'rale', 'dyspnea', 'cough', 'wheezing']"
53,failure kidney,"['orthopnea', 'oliguria', 'slowing of urinary stream', 'extreme exhaustion', 'unresponsiveness', 'hypotension', 'enuresis', 'shortness of breath', 'haemorrhage', 'prostatism', 'no status change', 'bedridden', 'fatigue']"
54,fibroid tumor,"['para 2', 'haemorrhage', 'abortion', 'intermenstrual heavy bleeding', 'hypotonic', 'previous pregnancies 2', 'shortness of breath', 'fever', 'heartburn', 'primigravida', 'abnormally hard consistency', 'proteinemia']"
55,gastritis,"['heme positive', 'pain abdominal', 'vomiting', 'disequilibrium', 'nausea', 'intoxication', 'haemorrhage', 'guaiac positive', 'pain', 'decreased body weight', 'sore to touch', 'dizziness']"
56,gastroenteritis,"['pain abdominal', 'breath-holding spell', 'nausea', 'decreased body weight', 'sore to touch', 'scleral\xa0icterus', 'fever', 'myalgia', 'hyponatremia', 'retch', 'mass of body structure', 'decreased body weight']"
57,gastroesophageal reflux disease,"['pain', 'pain chest', 'burning sensation', 'hyponatremia', 'satiety early', 'throbbing sensation quality', 'chest tightness', 'sensory discomfort', 'presence of q wave', 'nausea', 'general discomfort', 'constipation', 'palpitation', 'pain abdominal', 'heartburn', 'sweating increased', 'asthenia']"
58,glaucoma,"['fall', 'distended abdomen', 'unsteady gait', 'paresthesia', 'hyponatremia', 'agitation', 'unconscious state', 'burning sensation', 'lesion', 'mass of body structure']"
59,gout,"['hot flush', 'pain', 'redness', 'swelling', 'erythema', 'emphysematous change', 'sore to touch', 'hypokinesia', 'ascites', 'patient non compliance']"
60,hemiparesis,"['dysarthria', 'paresis', 'asthenia', 'aphagia', 'seizure', 'speech slurred', 'focal seizures', 'hemiplegia', 'abnormal sensation', 'unresponsiveness', 'stupor', 'sleepy', 'fremitus', ""Stahli's line"", 'stinging sensation', 'paralyse', 'clonus', 'facial paresis']"
61,hemorrhoids,"['haemorrhage', 'bowel sounds decreased', 'decreased stool caliber', 'nausea and vomiting', 'hunger', 'diarrhea', 'dizziness', 'hyponatremia', 'clonus', 'pain', 'achalasia', 'burning sensation', 'guaiac positive', 'numbness of hand', 'wheezing', 'cough']"
62,hepatitis,"['ascites', 'spontaneous rupture of membranes', 'tachypnea', 'pain abdominal', 'pruritus', 'anorexia', 'transaminitis', 'projectile vomiting', 'chill', 'distress respiratory', 'fever', 'vomiting']"
63,hepatitis B,"['inappropriate affect', 'tachypnea', 'yellow sputum', 'projectile vomiting', 'poor feeding', 'pain abdominal', 'abdominal tenderness', 'wheelchair bound', 'moan']"
64,hepatitis C,"['ascites', 'distended abdomen', 'feeling suicidal', 'cough', 'ache', 'macerated skin', 'heavy feeling', 'hallucinations auditory', 'chill', 'asterixis', 'patient non compliance']"
65,hernia,"['pain abdominal', 'pain', 'hyperventilation', 'excruciating pain', 'gag', 'nausea', 'posturing', 'hemiplegia', 'sore to touch', 'haemorrhage', 'apyrexial', 'food intolerance', 'pulse absent', 'asthenia', 'mass of body structure', 'thicken']"
66,hernia hiatal,"['pain abdominal', 'fatigability', 'prodrome', 'vomiting', 'nausea', 'myalgia', 'hyponatremia', 'sore to touch', 'general discomfort', 'dyspnea on exertion', 'asterixis', 'guaiac positive', 'numbness of hand', 'headache', 'photophobia']"
67,hiv infections,"['fever', 'night sweat', 'spontaneous rupture of membranes', 'cough', '', 'decreased body weight', 'chill', 'diarrhea', 'pleuritic pain', 'patient non compliance', 'tachypnea', 'productive cough', 'hypotonic', 'feeling suicidal']"
68,hyperbilirubinemia,"['cyanosis', 'tachypnea', 'para 1', 'bradycardia', 'breech presentation', 'cushingoid\xa0habitus', 'cough', 'myalgia']"
69,hypercholesterolemia,"['pain', 'pain chest', 'sweating increased', 'nonsmoker', 'pressure chest', 'syncope', 'numbness', 'chest discomfort', 'shortness of breath', 'st segment depression', 'worry', 't wave inverted', 'bradycardia', 'dyspnea']"
70,hyperglycemia,"['sore to touch', 'pruritus', 'feeling strange', 'pustule', 'cushingoid\xa0habitus', 'decreased body weight', 'mood depressed', 'estrogen use', 'wheezing', 'ascites', 'seizure']"
71,hyperlipidemia,"['pain chest', 'angina pectoris', 'palpitation', 'presence of q wave', 'photopsia', 'sweating increased', 'chest discomfort', 'shortness of breath', 'giddy mood', 'hypokinesia', 'hemiplegia', 'dizziness']"
72,hypertension pulmonary,"['shortness of breath', ""Stahli's line"", 'heavy legs', 'breath sounds decreased', 'neck stiffness', 'dyspnea on exertion', 'cyanosis', 'hypotension', 'left\xa0atrial\xa0hypertrophy']"
73,hypertensive disease,"['pain chest', 'shortness of breath', 'dizziness', 'asthenia', 'fall', 'syncope', 'vertigo', 'sweating increased', 'palpitation', 'nausea', 'angina pectoris', 'pressure chest']"
74,hypoglycemia,"['unresponsiveness', 'hypothermia, natural', 'incoherent', 'qt interval prolonged', 'claudication', 'unconscious state', 'clammy skin', 'polyuria', 'distress respiratory', 'hypotension']"
75,hypothyroidism,"['shortness of breath', 'prostatism', 'sleepy', 'hyponatremia', 'fall', 'unsteady gait', 'polyuria', 'hypotension', 'difficulty', 'syncope', 'nightmare', 'speech slurred', 'weight gain', 'asthenia', 'tired', 'agitation', 'mental status changes', 'motor retardation', 'vomiting', 'numbness', 'mass of body structure']"
76,ileus,"['abscess bacterial', 'abdomen acute', 'air fluid level', 'catching breath', 'abdominal tenderness', 'nausea', 'sore to touch', 'flatulence', 'diarrhea', 'mass of body structure', 'apyrexial', 'constipation', 'thicken', 'gravida 0', 'pain abdominal']"
77,incontinence,"['paraparesis', 'seizure', 'asthenia', 'urge incontinence', 'unconscious state', 'aura', 'moody', 'fear of falling', 'tremor', 'spasm', 'unhappy', 'syncope', 'fall', 'stiffness', 'unresponsiveness']"
78,infection,"['fever', 'erythema', 'decreased translucency', 'hepatosplenomegaly', 'chill', 'pruritus', 'diarrhea', 'abscess bacterial', 'swelling', 'pain', 'apyrexial', 'cough']"
79,infection urinary tract,"['fever', 'dysuria', 'hematuria', 'renal angle tenderness', 'lethargy', 'asthenia', 'hyponatremia', 'hemodynamically stable', 'distress respiratory', 'difficulty passing urine', 'mental status changes', 'consciousness clear']"
80,influenza,"['uncoordination', 'fever', 'pleuritic pain', 'snuffle', 'throat sore', 'malaise', 'debilitation', 'symptom aggravating factors', 'chill', 'scleral\xa0icterus', 'nasal flaring', 'dysuria', 'lip smacking', 'headache', 'sneeze', 'snore', 'green sputum', 'shortness of breath', 'distress respiratory', 'blackout', 'extreme exhaustion']"
81,insufficiency renal,"['shortness of breath', 'hyperkalemia', 'orthopnea', 'rale', 'urgency of\xa0micturition', 'ascites', 'guaiac positive', 'asthenia', 'apyrexial', 'mental status changes', 'dyspnea', 'difficulty', 'diarrhea', 'hypotension', 'breath sounds decreased', 'swelling', 'hypokinesia']"
82,ischemia,"['sleepy', 'pain chest', 'angina pectoris', 'pressure chest', 'chest discomfort', 'shortness of breath', 'dyspnea', 'sinus rhythm', 'bradycardia', 'sweating increased', 'rale', 'asymptomatic', 'anorexia']"
83,ketoacidosis diabetic,"['polyuria', 'vomiting', 'nausea', 'pain abdominal', 'milky', 'feeling strange', 'gurgle', 'nervousness', 'abdominal tenderness', 'regurgitates after swallowing', 'vision blurred', 'urinary hesitation', 'diarrhea', 'seizure', 'aura']"
84,kidney disease,"['shortness of breath', 'hyperkalemia', 'pain chest', 'fever', 'gravida 0', 'bleeding of vagina']"
85,kidney failure acute,"['hyperkalemia', 'hypotension', 'hypocalcemia result', 'oliguria', 'hemodynamically stable', 'asthenia', 'hypothermia, natural', 'diarrhea', 'haemorrhage', 'unresponsiveness']"
86,lymphatic diseases,"['pain', 'mass of body structure', 'night sweat', 'splenomegaly', 'lesion', 'chill', 'decreased body weight', 'swelling', 'fever', 'hyperacusis', 'fremitus', 'non-productive cough', 'egophony', 'redness', 'hepatomegaly', 'fatigue']"
87,lymphoma,"['lesion', 'fever', 'welt', 'transaminitis', 'decreased body weight', 'ataxia', 'tinnitus', 'hydropneumothorax', 'superimposition', 'haemoptysis', 'tired', 'polydypsia', 'difficulty passing urine']"
88,malignant neoplasms,"['pulsus\xa0paradoxus', 'gravida 10', 'mass of body structure', 'lesion', 'heartburn', 'night sweat', 'thicken', 'chill', 'decreased translucency', 'pain abdominal', 'dullness', 'food intolerance', 'distress respiratory', 'hypotension']"
89,manic disorder,"['energy increased', 'suicidal', 'hypersomnia', 'feeling suicidal', 'blanch', 'hallucinations auditory', 'hallucinations visual', 'elation', 'verbal auditory hallucinations', 'feeling hopeless', 'difficulty', 'decompensation', 'verbally abusive behavior', 'suicidal', 'feeling suicidal']"
90,melanoma,"['mass of body structure', 'paraparesis', 'fever', 'gravida 0', 'pain', 'pruritus', 'mass in breast', 'vomiting', 'diarrhea']"
91,migraine disorders,"['ambidexterity', 'vomiting', 'dizziness', 'numbness', 'nausea', 'fever', 'splenomegaly']"
92,mitral valve insufficiency,"['shortness of breath', 'dyspnea on exertion', 'asymptomatic', 'hypokinesia', 'dyspnea', 'syncope', 'thicken', 'left\xa0atrial\xa0hypertrophy', 'palpitation', 'fatigue', 'vomiting', 'pain', 'cardiomegaly', 'chest discomfort']"
93,myocardial infarction,"['pain chest', 'st segment elevation', 'sweating increased', 'shortness of breath', 'st segment depression', 'hypokinesia', 'angina pectoris', 'pressure chest', 't wave inverted', 'orthopnea', 'rale', 'chest tightness', 'presence of q wave', 'palpitation', 'dyspnea', 'chest discomfort', 'bradycardia', 'syncope']"
94,neoplasm,"['mass of body structure', 'lesion', 'pain chest', 'hematuria', 'tumor cell invasion', 'pain', 'anosmia', 'thicken', 'metastatic lesion', 'food intolerance', 'decreased body weight', 'night sweat', 'hemianopsia homonymous', 'satiety early', 'pain abdominal', 'headache']"
95,neoplasm metastasis,"['thicken', 'tumor cell invasion', 'metastatic lesion', 'pain neck', 'lung nodule', 'pain', 'pain abdominal', 'food intolerance', 'mass of body structure', 'atypia']"
96,neuropathy,"['asthenia', 'numbness', 'nausea and vomiting', 'awakening early', 'hydropneumothorax', 'superimposition', 'fatigability', 'tenesmus', 'pain', 'slowing of urinary stream']"
97,neutropenia,"['transaminitis', 'splenomegaly', 'night sweat', 'apyrexial', 'lesion', 'snuffle', 'chill', 'cough', 'monoclonal', 'hypocalcemia result', 'oliguria', 'rhd positive', 'distress respiratory']"
98,obesity,"['pain', 'catatonia', 'snore', 'pain chest', 'r wave feature', 'has religious belief', 'shortness of breath', 'tired', 'overweight', 'systolic murmur', 'mood depressed', 'ecchymosis']"
99,obesity morbid,"['out of breath', 'sedentary', 'angina pectoris', 'cough', 'unhappy', 'labored breathing', 'hypothermia, natural', 'dyspnea', 'hematocrit decreased', 'wheezing', 'hypoxemia', 'renal angle tenderness', 'feels hot/feverish']"
100,oral candidiasis,"['diarrhea', 'throat sore', 'decreased body weight', 'chill', 'headache', 'abdominal tenderness', 'patient non compliance', 'photophobia', 'night sweat', 'painful swallowing', 'poor dentition', 'transaminitis', 'non-productive cough', 'adverse effect', 'abdominal bloating']"
101,osteomyelitis,"['pain', 'redness', 'prostate tender', 'fever', 'difficulty passing urine', 'sore to touch', 'swelling', 'apyrexial', 'erythema', 'abscess bacterial', 'pain foot', 'urinary hesitation']"
102,osteoporosis,"['prostatism', 'fall', 'hirsutism', 'sniffle', 'distended abdomen', 'vertigo', 'numbness of hand', 'bradykinesia', 'pain', 'syncope', 'out of breath', 'apyrexial', 'urge incontinence', 'lightheadedness']"
103,overload fluid,"['rale', 'jugular venous distention', 'hyperkalemia', 'orthopnea', 'shortness of breath', 'sleepy', 'weight gain', 'hypokalemia', 'hypotension', 'swelling', 'distended abdomen']"
104,pancreatitis,"['vomiting', 'pain abdominal', 'nausea', 'pain', 'diarrhea', 'stool color yellow', 'rigor - temperature-associated observation', 'apyrexial', 'sore to touch']"
105,pancytopenia,"['hypoproteinemia', 'fatigue', 'haemorrhage', 'fatigability', 'cushingoid\xa0habitus', 'stool color yellow', 'colic abdominal']"
106,paranoia,"['hallucinations auditory', 'hallucinations visual', 'agitation', 'irritable mood', 'verbal auditory hallucinations', 'feeling suicidal', 'suicidal', 'terrify', 'neologism', 'homelessness', 'energy increased', 'mood depressed', 'decompensation', 'scar tissue', 'blackout', 'loose associations']"
107,parkinson disease,"['achalasia', 'fall', 'stiffness', 'withdraw', 'agitation', 'hemiplegia', 'difficulty', 'unresponsiveness', 'syncope', 'facial paresis', 'orthostasis', 'worry', 'sleepy', 'hematuria', 'tremor', 'night sweat', 'mass of body structure']"
108,paroxysmal dyspnea,"['orthopnea', 'shortness of breath', 'dyspnea on exertion', 'jugular venous distention', 'rale', 'pain chest', 'palpitation', 'sweating increased', 'weight gain', 'cough', 'dyspnea']"
109,pericardial effusion body substance,"['pericardial friction rub', 'dyspnea', 'shortness of breath', 'hemodynamically stable', 'cardiomegaly', 'hypotension', 'sputum purulent', 'facial paresis', 'pain', 'oliguria', 'blackout', 'intoxication']"
110,peripheral vascular disease,"['shortness of breath', 'rest pain', 'angina pectoris', 'unresponsiveness', 'hyperkalemia', 'sinus rhythm', 'labored breathing', 'dyspnea', 'sore to touch', 'anorexia', 'sleepy']"
111,personality disorder,"['nightmare', 'feeling hopeless', 'transsexual', 'hallucinations auditory', 'irritable mood', 'sleeplessness', 'agitation', 'weepiness', 'mood depressed', 'scratch marks', 'nausea and vomiting', 'extreme exhaustion', 'side pain', 'worry', 'enuresis', 'homelessness', 'nervousness', 'ascites', 'pruritus']"
112,pneumonia,"['cough', 'fever', 'decreased translucency', 'shortness of breath', 'rale', 'productive cough', 'pleuritic pain', 'yellow sputum', 'breath sounds decreased', 'chill', 'rhonchus', 'green sputum', 'non-productive cough', 'wheezing', 'haemoptysis', 'distress respiratory', 'tachypnea', 'malaise', 'night sweat']"
113,pneumonia aspiration,"['mediastinal shift', 'fever', 'clonus', 'mental status changes', 'decreased translucency', 'unresponsiveness', 'extreme exhaustion', 'stupor', 'seizure', 'transaminitis', 'hemiplegia', 'cough', 'gurgle', 'pain', 'diarrhea', 'pain abdominal']"
114,pneumothorax,"['dyspnea', 'cardiovascular event', 'haemoptysis', 'cough', 'hypercapnia', 'soft tissue swelling', 'prostatism', 'agitation']"
115,primary carcinoma of the liver cells,"['mass of body structure', 'splenomegaly', 'lesion', 'paresis', 'tumor cell invasion', 'room spinning', 'haemorrhage', 'thicken', 'indifferent mood', 'cachexia', 'hypothermia, natural', 'pain abdominal', 'hepatomegaly', 'hematocrit decreased', 'stupor', 'decreased body weight', 'shortness of breath', 'cough']"
116,primary malignant neoplasm,"['pain', 'mass of body structure', 'lesion', 'cushingoid\xa0habitus', 'emphysematous change', 'decreased body weight', 'ascites', 'hoarseness', 'thicken', 'hematuria']"
117,psychotic disorder,"['suicidal', 'hallucinations auditory', 'feeling suicidal', 'hallucinations visual', 'motor retardation', 'blackout', 'verbal auditory hallucinations', 'feeling hopeless', 'irritable mood', 'agitation', 'tremor', 'catatonia', 'weepiness', 'homelessness', 'sleeplessness', 'withdraw', 'energy increased', 'intoxication', 'worry', 'behavior hyperactive', 'patient non compliance', 'mood depressed', 'terrify', 'nightmare', 'consciousness clear']"
118,pyelonephritis,"['fever', 'pain', 'urgency of\xa0micturition', 'hematuria', 'vomiting', 'chill', 'diarrhea', 'nausea', 'pain abdominal', 'myalgia', 'fever', 'chill']"
119,respiratory failure,"['hemiplegia', 'snore', 'unresponsiveness', 'productive cough', 'dyspnea', 'tachypnea', 'hyperkalemia', 'hypokinesia', 'sinus rhythm', 'general unsteadiness', 'bruit', 'consciousness clear', 'shortness of breath', 'lesion', 'redness']"
120,schizophrenia,"['hallucinations auditory', 'hypersomnolence', 'irritable mood', 'verbal auditory hallucinations', 'patient non compliance', 'agitation', 'suicidal', 'worry', 'hallucinations visual', 'underweight', 'homelessness']"
121,sepsis (invertebrate),"['fever', 'distress respiratory', 'hypotension', 'tachypnea', 'chill', 'lethargy', 'bradycardia', 'breech presentation', 'cyanosis', 'spontaneous rupture of membranes', 'haemorrhage', 'unresponsiveness', 'rale', 'apyrexial']"
122,sickle cell anemia,"['breakthrough pain', 'pain back', 'pain', 'shortness of breath', 'snuffle', 'pain chest', 'pain abdominal', 'hepatosplenomegaly', 'green sputum', 'apyrexial', 'headache']"
123,spasm bronchial,"['shortness of breath', 'scar tissue', 'apyrexial', 'no known drug allergies', 'pain', 'productive cough', 'throat sore', 'dyspnea', 'chest tightness', 'hypoxemia', 'tachypnea', 'sensory discomfort', 'fever', 'vomiting', 'rhonchus', 'hemiplegia', 'fremitus']"
124,stenosis aortic valve,"['dyspnea on exertion', 'syncope', 'chest discomfort', 'systolic murmur', 'sciatica', 'angina pectoris', 'pain chest', 'frothy sputum', 'bradycardia', 'shortness of breath', 'pain']"
125,suicide attempt,"['hallucinations auditory', 'sleeplessness', 'suicidal', 'motor retardation', 'weepiness', 'unable to concentrate', 'todd paralysis', 'worry', 'fatigue', 'tremor', 'alcoholic withdrawal symptoms', 'agitation', 'unresponsiveness', 'blackout', 'withdraw', 'difficulty', 'irritable mood', 'sensory discomfort', 'drowsiness', 'formication', 'unconscious state', 'fever', 'cough']"
126,tachycardia sinus,"['left\xa0atrial\xa0hypertrophy', 'sweating increased', 'alcohol binge episode', 'pressure chest', 'scar tissue', 'cardiovascular event', 'orthostasis', 'shortness of breath', 't wave inverted', 'vomiting', 'pain abdominal']"
127,thrombocytopaenia,"['ecchymosis', 'monocytosis', 'posterior\xa0rhinorrhea', 'haemorrhage', 'tachypnea', 'fever', 'pruritus', 'hypotension', 'fatigue']"
128,thrombus,"['hypokinesia', 'anorexia', 'hypertonicity', 'shortness of breath', 'hypoalbuminemia', 'pruritus', 'sore to touch', 'hemodynamically stable', 'facial paresis', 'vomiting', 'stool color yellow']"
129,tonic-clonic seizures,"['drowsiness', 'lip smacking', 'myoclonus', 'tremor', 'phonophobia', 'rolling of eyes', 'sleepy', 'hirsutism', 'moody', 'muscle twitch', 'unresponsiveness', 'headache', 'ambidexterity', 'absences finding', 'spasm', 'decreased body weight', 'tumor cell invasion']"
130,transient ischemic attack,"['speech slurred', 'dysarthria', 'facial paresis', 'asthenia', 'neck stiffness', 'vertigo', 'numbness', 'lightheadedness', 'extrapyramidal sign', ""Stahli's line"", 'vision blurred', 'headache', 'room spinning', 'syncope', 'difficulty', 'rambling speech', 'clumsiness']"
131,tricuspid valve insufficiency,"['shortness of breath', 'pain', 'vomiting', 'nausea', 'bradycardia', 'pain abdominal', 'fever', 'cicatrisation', 'mediastinal shift', 'impaired cognition']"
132,ulcer peptic,"['pain abdominal', 'paraparesis', 'nausea', 'vomiting', 'polymyalgia', 'out of breath', 'pain chest', 'hemiplegia', 'gurgle', 'hunger', 'apyrexial', 'nervousness']"
133,upper respiratory infection,"['cough', 'throat sore', 'wheezing', 'shortness of breath', 'labored breathing', 'fever', 'stuffy nose', 'non-productive cough', 'snuffle', 'indifferent mood', 'egophony', 'barking cough', 'polymyalgia', 'pleuritic pain', 'night sweat', 'dyspnea', 'productive cough', 'decreased translucency', 'rhonchus', 'rapid shallow breathing', 'apyrexial', 'noisy respiration', 'nasal discharge present', 'emphysematous change', 'frail', 'cystic lesion', 'symptom aggravating factors', 'hemodynamically stable']"
